﻿pos_x,pos_y,rotation,side,designator,mpn,pack,footprint,value,mount_type
129.55,-79.0,0.0,top,C1,,,C_0805_2012Metric_Pad1.18x1.45mm_HandSolder,12P,smt
161.9625,-134.5,180.0,top,C10,,,C_0805_2012Metric_Pad1.18x1.45mm_HandSolder,0.1uF,smt
168.5,-122.5375,-90.0,top,C12,,,C_0805_2012Metric_Pad1.18x1.45mm_HandSolder,0.1uF,smt
152.0,-130.5375,90.0,top,C13,,,C_0805_2012Metric_Pad1.18x1.45mm_HandSolder,104pF,smt
110.0375,-57.0,0.0,top,C14,,,C_0805_2012Metric_Pad1.18x1.45mm_HandSolder,104pF,smt
134.325,-76.0,0.0,top,C15,,,C_0805_2012Metric_Pad1.18x1.45mm_HandSolder,104pF,smt
142.8625,-75.0,180.0,top,C16,,,C_0805_2012Metric_Pad1.18x1.45mm_HandSolder,104pF,smt
117.5375,-52.5,0.0,top,C17,,,C_0805_2012Metric_Pad1.18x1.45mm_HandSolder,104pF,smt
191.9625,-86.5375,90.0,top,C18,,,C_0805_2012Metric_Pad1.18x1.45mm_HandSolder,104pF,smt
110.0375,-69.5,0.0,top,C19,,,C_0805_2012Metric_Pad1.18x1.45mm_HandSolder,106pF,smt
129.55,-76.5,0.0,top,C2,,,C_0805_2012Metric_Pad1.18x1.45mm_HandSolder,12P,smt
158.5,-53.5,180.0,top,C20,,,C_0805_2012Metric_Pad1.18x1.45mm_HandSolder,104pF,smt
163.3625,-74.0,0.0,top,C21,,,C_0805_2012Metric_Pad1.18x1.45mm_HandSolder,104pF,smt
185.5375,-58.5,180.0,top,C22,,,C_0805_2012Metric_Pad1.18x1.45mm_HandSolder,1uF,smt
181.0,-67.0,-90.0,top,C23,,,C_0805_2012Metric_Pad1.18x1.45mm_HandSolder,10uF,smt
178.0375,-61.0,180.0,top,C24,,,C_0805_2012Metric_Pad1.18x1.45mm_HandSolder,1uF,smt
140.0375,-99.5,180.0,top,C25,,,C_0805_2012Metric_Pad1.18x1.45mm_HandSolder,104pF,smt
140.0375,-102.51,0.0,top,C26,,,C_0805_2012Metric_Pad1.18x1.45mm_HandSolder,106pF,smt
155.0,-130.5375,90.0,top,C27,,,C_0805_2012Metric_Pad1.18x1.45mm_HandSolder,0.1uF,smt
154.825,-102.0375,90.0,top,C3,,,C_0805_2012Metric_Pad1.18x1.45mm_HandSolder,106pF,smt
164.8625,-83.0,0.0,top,C4,,,C_0805_2012Metric_Pad1.18x1.45mm_HandSolder,106pF,smt
124.6,-93.825,0.0,top,C5,,,C_0805_2012Metric_Pad1.18x1.45mm_HandSolder,22P,smt
124.825,-85.825,0.0,top,C6,,,C_0805_2012Metric_Pad1.18x1.45mm_HandSolder,22P,smt
142.8625,-72.5,0.0,top,C7,,,C_0805_2012Metric_Pad1.18x1.45mm_HandSolder,104pF,smt
168.5,-127.0,90.0,top,C8,,,C_0805_2012Metric_Pad1.18x1.45mm_HandSolder,0.1uF,smt
168.5,-131.4625,90.0,top,C9,,,C_0805_2012Metric_Pad1.18x1.45mm_HandSolder,0.1uF,smt
196.5,-52.0,180.0,top,D1,,,LED_0805_2012Metric_Pad1.15x1.40mm_HandSolder,LED_Small,smt
139.88,-45.0,90.0,top,D2,,,LED_0805_2012Metric_Pad1.15x1.40mm_HandSolder,LED_Roll,smt
142.92,-45.0,90.0,top,D3,,,LED_0805_2012Metric_Pad1.15x1.40mm_HandSolder,LED_Pitch,smt
145.96,-45.0,90.0,top,D4,,,LED_0805_2012Metric_Pad1.15x1.40mm_HandSolder,LED_Status,smt
149.0,-45.0,90.0,top,D5,,,LED_0805_2012Metric_Pad1.15x1.40mm_HandSolder,LED_Aux,smt
158.3378,-138.38,90.0,top,J1,,,PinHeader_1x04_P2.54mm_Vertical,Conn_01x04_Socket,tht
191.0,-133.0,0.0,top,J10,,,JST_EH_B3B-EH-A_1x03_P2.50mm_Vertical,Conn_01x03_Socket,tht
174.5,-133.2,0.0,top,J11,,,JST_EH_B3B-EH-A_1x03_P2.50mm_Vertical,Conn_01x03_Socket,tht
105.84,-48.04,90.0,top,J12,,,PinHeader_2x10_P2.54mm_Vertical,Conn_02x10_Counter_Clockwise,tht
115.5,-84.0,0.0,top,J13,,,PinHeader_1x02_P2.54mm_Vertical,Conn_01x02_Socket,tht
197.425,-61.32,90.0,top,J14,,,USB_C_Receptacle_G-Switch_GT-USB-7010ASV,USB_C_Receptacle_USB2.0_16P,smt
197.46,-102.7,180.0,top,J2,,,PinHeader_2x13_P2.54mm_Vertical,Conn_02x13_Counter_Clockwise,tht
176.0,-91.5,90.0,top,J3,,,JST_EH_B8B-EH-A_1x08_P2.50mm_Vertical,Conn_01x08_Socket,tht
105.5,-57.2,0.0,top,J5,,,PinHeader_1x04_P2.54mm_Vertical,Conn_01x04_Socket,tht
105.5,-70.2,0.0,top,J6,,,PinHeader_1x04_P2.54mm_Vertical,Conn_01x04_Socket,tht
177.0,-52.3,180.0,top,J7,,,PinHeader_1x04_P2.54mm_Vertical,Conn_01x04_Socket,tht
186.5,-52.3,180.0,top,J8,,,PinHeader_1x04_P2.54mm_Vertical,Conn_01x04_Socket,tht
181.85,-52.3,180.0,top,J9,,,PinHeader_1x04_P2.54mm_Vertical,Conn_01x04_Socket,tht
138.5,-92.5,-90.0,top,R1,,,R_0805_2012Metric_Pad1.20x1.40mm_HandSolder,0R,smt
168.95,-55.0,90.0,top,R10,,,R_0805_2012Metric_Pad1.20x1.40mm_HandSolder,10K,smt
171.9,-55.0,90.0,top,R11,,,R_0805_2012Metric_Pad1.20x1.40mm_HandSolder,10K,smt
163.0,-55.0,90.0,top,R12,,,R_0805_2012Metric_Pad1.20x1.40mm_HandSolder,10K,smt
163.325,-77.5,180.0,top,R13,,,R_0805_2012Metric_Pad1.20x1.40mm_HandSolder,10K,smt
192.0,-52.0,0.0,top,R14,,,R_0805_2012Metric_Pad1.20x1.40mm_HandSolder,510R,smt
140.0,-50.0,90.0,top,R15,,,R_0805_2012Metric_Pad1.20x1.40mm_HandSolder,510R,smt
143.05,-50.0,90.0,top,R16,,,R_0805_2012Metric_Pad1.20x1.40mm_HandSolder,510R,smt
146.0,-50.0,90.0,top,R17,,,R_0805_2012Metric_Pad1.20x1.40mm_HandSolder,510R,smt
148.95,-50.0,90.0,top,R18,,,R_0805_2012Metric_Pad1.20x1.40mm_HandSolder,510R,smt
149.325,-99.5,-90.0,top,R19,,,R_0805_2012Metric_Pad1.20x1.40mm_HandSolder,10k,smt
140.0,-105.5,180.0,top,R2,,,R_0805_2012Metric_Pad1.20x1.40mm_HandSolder,0R,smt
193.5,-128.5,90.0,top,R20,,,R_0805_2012Metric_Pad1.20x1.40mm_HandSolder,3.4k,smt
196.0,-128.5,90.0,top,R21,,,R_0805_2012Metric_Pad1.20x1.40mm_HandSolder,6.6k,smt
177.0,-128.5,90.0,top,R22,,,R_0805_2012Metric_Pad1.20x1.40mm_HandSolder,3.4k,smt
179.5,-128.5,90.0,top,R23,,,R_0805_2012Metric_Pad1.20x1.40mm_HandSolder,6.6k,smt
190.0,-62.5,180.0,top,R24,,,R_0805_2012Metric_Pad1.20x1.40mm_HandSolder,5.1K,smt
136.0,-102.5,180.0,top,R3,,,R_0805_2012Metric_Pad1.20x1.40mm_HandSolder,0R,smt
190.0,-59.5,180.0,top,R4,,,R_0805_2012Metric_Pad1.20x1.40mm_HandSolder,5.1K,smt
153.5,-53.5,90.0,top,R5,,,R_0805_2012Metric_Pad1.20x1.40mm_HandSolder,10k,smt
136.825,-87.825,-90.0,top,R6,,,R_0805_2012Metric_Pad1.20x1.40mm_HandSolder,1M,smt
156.825,-71.0,-90.0,top,R7,,,R_0805_2012Metric_Pad1.20x1.40mm_HandSolder,10k,smt
142.825,-70.0,180.0,top,R8,,,R_0805_2012Metric_Pad1.20x1.40mm_HandSolder,22R,smt
166.0,-55.0,90.0,top,R9,,,R_0805_2012Metric_Pad1.20x1.40mm_HandSolder,10K,smt
134.5,-45.0,0.0,top,SW1,,,R_0805_2012Metric_Pad1.20x1.40mm_HandSolder,SW_RST,smt
128.0,-61.0,180.0,top,SW2,,,R_0805_2012Metric_Pad1.20x1.40mm_HandSolder,SW_CAL,smt
135.05,-61.0,180.0,top,SW3,,,R_0805_2012Metric_Pad1.20x1.40mm_HandSolder,SW_OK,smt
153.600001,-48.2,0.0,top,SW4,,,SOIC4_SW-TLSM-G_CNK,SW_BOOT,smt
129.2,-135.5,0.0,top,TP10,,,PinHeader_1x01_P2.54mm_Vertical,RS232_1_IN,tht
172.0,-118.0,0.0,top,TP11,,,PinHeader_1x01_P2.54mm_Vertical,RS232_2_OUT,tht
167.0,-118.0,0.0,top,TP12,,,PinHeader_1x01_P2.54mm_Vertical,RS232_2_IN,tht
151.0,-138.5,0.0,top,TP4,,,PinHeader_1x01_P2.54mm_Vertical,GND,tht
142.5,-122.5,0.0,top,TP5,,,PinHeader_1x01_P2.54mm_Vertical,RX_1,tht
147.5,-122.5,0.0,top,TP6,,,PinHeader_1x01_P2.54mm_Vertical,RX_3,tht
142.5,-129.0,0.0,top,TP7,,,PinHeader_1x01_P2.54mm_Vertical,TX_1,tht
147.5,-129.0,0.0,top,TP8,,,PinHeader_1x01_P2.54mm_Vertical,TX_3,tht
129.2,-130.9,0.0,top,TP9,,,PinHeader_1x01_P2.54mm_Vertical,RS232_1_OUT,tht
149.5,-88.0,0.0,top,U1,,,LQFP-100_14x14mm_P0.5mm,STM32F407VETx,smt
149.825,-70.5,180.0,top,U2,,,SOIC-8_5.23x5.23mm_P1.27mm,W25Q16JVSS,smt
162.0,-127.0,180.0,top,U3,,,D16,TRSF3232ECD,smt
183.5,-62.5,180.0,top,U4,,,SOIC_A-33GB_RIT,RT9167A-33GB,smt
126.325,-76.6,-90.0,top,Y1,,,Crystal_DS26_D2.0mm_L6.0mm_Horizontal_1EP_style1,32.768K,tht
129.825,-89.825,90.0,top,Y2,,,Crystal_SMD_HC49-SD,8M,smt
