﻿Designator,Quantity,Value,Footprint,Package,MPN,DNP,Mount_Type,Description
"C1, C2",2,12P,C_0805_2012Metric_Pad1.18x1.45mm_HandSolder,,,,smt,"Unpolarized capacitor, small symbol"
"C10, C12, C27, C8, C9",5,0.1uF,C_0805_2012Metric_Pad1.18x1.45mm_HandSolder,,,,smt,"Polarized capacitor, small symbol"
"C13, C14, C15, C16, C17, C18, C20, C21, C25, C7",10,104pF,C_0805_2012Metric_Pad1.18x1.45mm_HandSolder,,,,smt,"Unpolarized capacitor, small symbol"
"C19, C26, C3, C4",4,106pF,C_0805_2012Metric_Pad1.18x1.45mm_HandSolder,,,,smt,"Unpolarized capacitor, small symbol"
"C22, C24",2,1uF,C_0805_2012Metric_Pad1.18x1.45mm_HandSolder,,,,smt,"Polarized capacitor, small symbol"
C23,1,10uF,C_0805_2012Metric_Pad1.18x1.45mm_HandSolder,,,,smt,"Unpolarized capacitor, small symbol"
"C5, C6",2,22P,C_0805_2012Metric_Pad1.18x1.45mm_HandSolder,,,,smt,"Unpolarized capacitor, small symbol"
D1,1,LED_Small,LED_0805_2012Metric_Pad1.15x1.40mm_HandSolder,,,,smt,"Light emitting diode, small symbol"
D2,1,LED_Roll,LED_0805_2012Metric_Pad1.15x1.40mm_HandSolder,,,,smt,"Light emitting diode, small symbol"
D3,1,LED_Pitch,LED_0805_2012Metric_Pad1.15x1.40mm_HandSolder,,,,smt,"Light emitting diode, small symbol"
D4,1,LED_Status,LED_0805_2012Metric_Pad1.15x1.40mm_HandSolder,,,,smt,"Light emitting diode, small symbol"
D5,1,LED_Aux,LED_0805_2012Metric_Pad1.15x1.40mm_HandSolder,,,,smt,"Light emitting diode, small symbol"
"J1, J5, J6, J7, J8, J9",6,Conn_01x04_Socket,PinHeader_1x04_P2.54mm_Vertical,,,,tht,"Generic connector, single row, 01x04, script generated"
"J10, J11",2,Conn_01x03_Socket,JST_EH_B3B-EH-A_1x03_P2.50mm_Vertical,,,,tht,"Generic connector, single row, 01x03, script generated"
J12,1,Conn_02x10_Counter_Clockwise,PinHeader_2x10_P2.54mm_Vertical,,,,tht,"Generic connector, double row, 02x10, counter clockwise pin numbering scheme (similar to DIP package numbering), script generated (kicad-library-utils/schlib/autogen/connector/)"
J13,1,Conn_01x02_Socket,PinHeader_1x02_P2.54mm_Vertical,,,,tht,"Generic connector, single row, 01x02, script generated"
J14,1,USB_C_Receptacle_USB2.0_16P,USB_C_Receptacle_G-Switch_GT-USB-7010ASV,,,,smt,USB 2.0-only 16P Type-C Receptacle connector
J2,1,Conn_02x13_Counter_Clockwise,PinHeader_2x13_P2.54mm_Vertical,,,,tht,"Generic connector, double row, 02x13, counter clockwise pin numbering scheme (similar to DIP package numbering), script generated (kicad-library-utils/schlib/autogen/connector/)"
J3,1,Conn_01x08_Socket,JST_EH_B8B-EH-A_1x08_P2.50mm_Vertical,,,,tht,"Generic connector, single row, 01x08, script generated"
J4,1,Conn_SWD_ARM,Tag-Connect_TC2030-IDC-FP_2x03_P1.27mm_Vertical,,,,tht,"Cortex Debug Connector, standard ARM Cortex-M SWD and JTAG interface"
"R1, R2, R3",3,0R,R_0805_2012Metric_Pad1.20x1.40mm_HandSolder,,,,smt,"Resistor, small symbol"
"R10, R11, R12, R13, R9",5,10K,R_0805_2012Metric_Pad1.20x1.40mm_HandSolder,,,,smt,"Resistor, small symbol"
"R14, R15, R16, R17, R18",5,510R,R_0805_2012Metric_Pad1.20x1.40mm_HandSolder,,,,smt,"Resistor, small symbol"
"R19, R5, R7",3,10k,R_0805_2012Metric_Pad1.20x1.40mm_HandSolder,,,,smt,"[R19,R5]Resistor; [R7]Resistor, small symbol"
"R20, R22",2,3.4k,R_0805_2012Metric_Pad1.20x1.40mm_HandSolder,,,,smt,Resistor
"R21, R23",2,6.6k,R_0805_2012Metric_Pad1.20x1.40mm_HandSolder,,,,smt,Resistor
"R24, R4",2,5.1K,R_0805_2012Metric_Pad1.20x1.40mm_HandSolder,,,,smt,"Resistor, small symbol"
R6,1,1M,R_0805_2012Metric_Pad1.20x1.40mm_HandSolder,,,,smt,"Resistor, small symbol"
R8,1,22R,R_0805_2012Metric_Pad1.20x1.40mm_HandSolder,,,,smt,"Resistor, small symbol"
SW1,1,SW_RST,R_0805_2012Metric_Pad1.20x1.40mm_HandSolder,,,,smt,"Push button switch, generic, two pins"
SW2,1,SW_CAL,R_0805_2012Metric_Pad1.20x1.40mm_HandSolder,,,,smt,"Push button switch, generic, two pins"
SW3,1,SW_OK,R_0805_2012Metric_Pad1.20x1.40mm_HandSolder,,,,smt,"Push button switch, generic, two pins"
SW4,1,SW_BOOT,SOIC4_SW-TLSM-G_CNK,,,,smt,"Momentary Switch, single pole double throw"
TP1,1,3V3,TestPoint_Pad_1.0x1.0mm,,,,tht,test point
TP10,1,RS232_1_IN,PinHeader_1x01_P2.54mm_Vertical,,,,tht,test point
TP11,1,RS232_2_OUT,PinHeader_1x01_P2.54mm_Vertical,,,,tht,test point
TP12,1,RS232_2_IN,PinHeader_1x01_P2.54mm_Vertical,,,,tht,test point
TP2,1,5V,TestPoint_Pad_1.0x1.0mm,,,,tht,test point
TP3,1,GND,TestPoint_Pad_1.0x1.0mm,,,,tht,test point
TP4,1,GND,PinHeader_1x01_P2.54mm_Vertical,,,,tht,test point
TP5,1,RX_1,PinHeader_1x01_P2.54mm_Vertical,,,,tht,test point
TP6,1,RX_3,PinHeader_1x01_P2.54mm_Vertical,,,,tht,test point
TP7,1,TX_1,PinHeader_1x01_P2.54mm_Vertical,,,,tht,test point
TP8,1,TX_3,PinHeader_1x01_P2.54mm_Vertical,,,,tht,test point
TP9,1,RS232_1_OUT,PinHeader_1x01_P2.54mm_Vertical,,,,tht,test point
U1,1,STM32F407VETx,LQFP-100_14x14mm_P0.5mm,,,,smt,"STMicroelectronics Arm Cortex-M4 MCU, 512KB flash, 192KB RAM, 168 MHz, 1.8-3.6V, 82 GPIO, LQFP100"
U2,1,W25Q16JVSS,SOIC-8_5.23x5.23mm_P1.27mm,,,,smt,"16Mb Serial Flash Memory, Standard/Dual/Quad SPI, SOIC-8"
U3,1,TRSF3232ECD,D16,,,,smt,
U4,1,RT9167A-33GB,SOIC_A-33GB_RIT,,,,smt,
Y1,1,32.768K,Crystal_DS26_D2.0mm_L6.0mm_Horizontal_1EP_style1,,,,tht,Two pin crystal
Y2,1,8M,Crystal_SMD_HC49-SD,,,,smt,"Two pin crystal, small symbol"
