﻿Designator,Footprint,Quantity,Value,LCSC Part #
"C1, C10, C11, C12, C17, C2, C23, C3, C4, C5, C6, C7, C8, C9",0402,14,100nF,
"C13, C24",0603,2,10uF,
"C14, C22, C25",0402,3,10nF,
"C15, C16, C26",0402,3,1uF,
"C18, C19",0402,2,14pF,
"C20, C21",0402,2,2.2uF,
C27,0603,1,1uF,
"FB1, FB2",0805,2,0R18,
"J1, J2",JST_EH_B4B-EH-A_1x04_P2.50mm_Vertical,2,Conn_01x04_Socket,
J10,JST_EH_B3B-EH-A_1x03_P2.50mm_Vertical,1,JST_UART_3,
J11,JST_EH_B3B-EH-A_1x03_P2.50mm_Vertical,1,JST_UART_5,
J12,JST_EH_B4B-EH-A_1x04_P2.50mm_Vertical,1,JST_RS232_1,
J13,JST_EH_B4B-EH-A_1x04_P2.50mm_Vertical,1,JST_RS232_2,
J3,PinHeader_1x05_P2.54mm_Vertical,1,Conn_01x05_Pin,
"J7, J8",JST_EH_B3B-EH-A_1x03_P2.50mm_Vertical,2,Conn_01x03_Socket,
J9,USB_C_Receptacle_G-Switch_GT-USB-7010ASV,1,USB_C_Receptacle_USB2.0_16P,
JST_CON_1,JST_EH_B4B-EH-A_1x04_P2.50mm_Vertical,1,JST_CON_1,
JST_CON_2,JST_EH_B4B-EH-A_1x04_P2.50mm_Vertical,1,JST_CON_2,
JST_CON_3,JST_EH_B4B-EH-A_1x04_P2.50mm_Vertical,1,JST_CON_3,
JST_CON_4,JST_EH_B4B-EH-A_1x04_P2.50mm_Vertical,1,JST_CON_4,
JST_CON_5,JST_EH_B4B-EH-A_1x04_P2.50mm_Vertical,1,JST_CON_5,
JST_CON_6,JST_EH_B4B-EH-A_1x04_P2.50mm_Vertical,1,JST_CON_6,
JST_CON_7,JST_EH_B4B-EH-A_1x04_P2.50mm_Vertical,1,JST_CON_7,
"LED1, LED2",0402,2,BLUE,
LED3,0402,1,GREEN,
"LED4, LED5",0402,2,RED,
"R10, R8",0402,2,3k4,
"R11, R9",0402,2,6k6,
"R12, R22, R3, R6",0402,4,10k,
"R13, R15",0402,2,5.1K,
"R14, R16, R17, R18, R21",0402,5,1k,
R1IN1,TestPoint_Pad_D1.0mm,1,RS232_1_IN,
R1OUT1,TestPoint_Pad_D1.0mm,1,RS232_1_OUT,
R2IN1,TestPoint_Pad_D1.0mm,1,RS232_2_IN,
R2OUT1,TestPoint_Pad_D1.0mm,1,RS232_2_OUT,
R4,0402,1,22R,
R7,0402,1,1M,
RX2,TestPoint_Pad_D1.0mm,1,RX_2,
RX4,TestPoint_Pad_D1.0mm,1,RX_4,
SW1,SW_SPST_B3U-1000P,1,SW_RST,
SW2,SW_SPST_B3U-1000P,1,SW_BOOT,
SW3,SW_SPST_B3U-1000P,1,SW_CAL,
SW4,SW_SPST_B3U-1000P,1,SW_OK,
TX2,TestPoint_Pad_D1.0mm,1,TX_2,
TX4,TestPoint_Pad_D1.0mm,1,TX_4,
T_GND1,TestPoint_Pad_1.5x1.5mm,1,GND,
U1,D16,1,TRSF3232ECD,
U2,SOIC-8_5.23x5.23mm_P1.27mm,1,W25Q16JVSS,
U3,LQFP-100_14x14mm_P0.5mm,1,STM32F407VETx,
U4,SOIC_A-33GB_RIT,1,RT9167A-33GB,
Y1,Crystal_SMD_3225-4Pin_3.2x2.5mm,1,8MHz,
